code,description,codingSystem,category,searchTerms
I10,Essential (primary) hypertension,ICD-10-CM,diagnosis,hypertension;high blood pressure;essential hypertension
E11.40,Type 2 diabetes mellitus with diabetic neuropathy unspecified,ICD-10-CM,diagnosis,type 2 diabetes;diabetic neuropathy;dm2 neuropathy
E11.42,Type 2 diabetes mellitus with diabetic polyneuropathy,ICD-10-CM,diagnosis,type 2 diabetes;polyneuropathy;diabetic peripheral neuropathy
I25.10,Atherosclerotic heart disease of native coronary artery without angina pectoris,ICD-10-CM,diagnosis,coronary artery disease;cad;ischemic heart disease
I20.0,Unstable angina,ICD-10-CM,diagnosis,unstable angina;chest pain angina
0JH60MZ,Insertion of pacemaker into chest subcutaneous tissue and fascia open approach,ICD-10-PCS,procedure,pacemaker insertion;device insertion chest
02703ZZ,Dilation of coronary artery one artery percutaneous approach,ICD-10-PCS,procedure,angioplasty;coronary dilation;pci
93000,Electrocardiogram routine ECG with at least 12 leads with interpretation and report,CPT,procedure,ecg;electrocardiogram;ekg
99214,Office or other outpatient visit for the evaluation and management of an established patient moderate complexity,CPT,procedure,outpatient visit established patient;follow-up moderate complexity;evaluation and management
